title,genre,url,cover
The Shawshank Redemption,['Drama'],https://www.imdb.com/title/tt0111161/,"https://m.media-amazon.com/images/M/MV5BMDFkYTc0MGEtZmNhMC00ZDIzLWFmNTEtODM1ZmRlYWMwMWFmXkEyXkFqcGdeQXVyMTMxODk2OTU@._V1_SY150_CR0,0,101,150_.jpg"
The Godfather,"['Crime', 'Drama']",https://www.imdb.com/title/tt0068646/,"https://m.media-amazon.com/images/M/MV5BM2MyNjYxNmUtYTAwNi00MTYxLWJmNWYtYzZlODY3ZTk3OTFlXkEyXkFqcGdeQXVyNzkwMjQ5NzM@._V1_SY150_CR2,0,101,150_.jpg"
The Godfather: Part II,"['Crime', 'Drama']",https://www.imdb.com/title/tt0071562/,"https://m.media-amazon.com/images/M/MV5BMWMwMGQzZTItY2JlNC00OWZiLWIyMDctNDk2ZDQ2YjRjMWQ0XkEyXkFqcGdeQXVyNzkwMjQ5NzM@._V1_SY150_CR2,0,101,150_.jpg"
The Dark Knight,"['Action', 'Crime', 'Drama', 'Thriller']",https://www.imdb.com/title/tt0468569/,"https://m.media-amazon.com/images/M/MV5BMTMxNTMwODM0NF5BMl5BanBnXkFtZTcwODAyMTk2Mw@@._V1_SY150_CR0,0,101,150_.jpg"
12 Angry Men,"['Crime', 'Drama']",https://www.imdb.com/title/tt0050083/,"https://m.media-amazon.com/images/M/MV5BMWU4N2FjNzYtNTVkNC00NzQ0LTg0MjAtYTJlMjFhNGUxZDFmXkEyXkFqcGdeQXVyNjc1NTYyMjg@._V1_SX101_CR0,0,101,150_.jpg"
Schindler's List,"['Biography', 'Drama', 'History']",https://www.imdb.com/title/tt0108052/,"https://m.media-amazon.com/images/M/MV5BNDE4OTMxMTctNmRhYy00NWE2LTg3YzItYTk3M2UwOTU5Njg4XkEyXkFqcGdeQXVyNjU0OTQ0OTY@._V1_SX101_CR0,0,101,150_.jpg"
The Lord of the Rings: The Return of the King,"['Action', 'Adventure', 'Drama', 'Fantasy']",https://www.imdb.com/title/tt0167260/,"https://m.media-amazon.com/images/M/MV5BNzA5ZDNlZWMtM2NhNS00NDJjLTk4NDItYTRmY2EwMWZlMTY3XkEyXkFqcGdeQXVyNzkwMjQ5NzM@._V1_SY150_CR0,0,101,150_.jpg"
Pulp Fiction,"['Crime', 'Drama']",https://www.imdb.com/title/tt0110912/,"https://m.media-amazon.com/images/M/MV5BNGNhMDIzZTUtNTBlZi00MTRlLWFjM2ItYzViMjE3YzI5MjljXkEyXkFqcGdeQXVyNzkwMjQ5NzM@._V1_SY150_CR1,0,101,150_.jpg"
"The Good, the Bad and the Ugly",['Western'],https://www.imdb.com/title/tt0060196/,"https://m.media-amazon.com/images/M/MV5BOTQ5NDI3MTI4MF5BMl5BanBnXkFtZTgwNDQ4ODE5MDE@._V1_SX101_CR0,0,101,150_.jpg"
The Lord of the Rings: The Fellowship of the Ring,"['Action', 'Adventure', 'Drama', 'Fantasy']",https://www.imdb.com/title/tt0120737/,"https://m.media-amazon.com/images/M/MV5BN2EyZjM3NzUtNWUzMi00MTgxLWI0NTctMzY4M2VlOTdjZWRiXkEyXkFqcGdeQXVyNDUzOTQ5MjY@._V1_SY150_CR0,0,101,150_.jpg"
Fight Club,['Drama'],https://www.imdb.com/title/tt0137523/,"https://m.media-amazon.com/images/M/MV5BMmEzNTkxYjQtZTc0MC00YTVjLTg5ZTEtZWMwOWVlYzY0NWIwXkEyXkFqcGdeQXVyNzkwMjQ5NzM@._V1_SX101_CR0,0,101,150_.jpg"
Forrest Gump,"['Drama', 'Romance']",https://www.imdb.com/title/tt0109830/,"https://m.media-amazon.com/images/M/MV5BNWIwODRlZTUtY2U3ZS00Yzg1LWJhNzYtMmZiYmEyNmU1NjMzXkEyXkFqcGdeQXVyMTQxNzMzNDI@._V1_SY150_CR1,0,101,150_.jpg"
Inception,"['Action', 'Adventure', 'Sci-Fi', 'Thriller']",https://www.imdb.com/title/tt1375666/,"https://m.media-amazon.com/images/M/MV5BMjAxMzY3NjcxNF5BMl5BanBnXkFtZTcwNTI5OTM0Mw@@._V1_SY150_CR0,0,101,150_.jpg"
The Lord of the Rings: The Two Towers,"['Action', 'Adventure', 'Drama', 'Fantasy']",https://www.imdb.com/title/tt0167261/,"https://m.media-amazon.com/images/M/MV5BZGMxZTdjZmYtMmE2Ni00ZTdkLWI5NTgtNjlmMjBiNzU2MmI5XkEyXkFqcGdeQXVyNjU0OTQ0OTY@._V1_SX101_CR0,0,101,150_.jpg"
Star Wars: Episode V - The Empire Strikes Back,"['Action', 'Adventure', 'Fantasy', 'Sci-Fi']",https://www.imdb.com/title/tt0080684/,"https://m.media-amazon.com/images/M/MV5BYmU1NDRjNDgtMzhiMi00NjZmLTg5NGItZDNiZjU5NTU4OTE0XkEyXkFqcGdeQXVyNzkwMjQ5NzM@._V1_SX101_CR0,0,101,150_.jpg"
The Matrix,"['Action', 'Sci-Fi']",https://www.imdb.com/title/tt0133093/,"https://m.media-amazon.com/images/M/MV5BNzQzOTk3OTAtNDQ0Zi00ZTVkLWI0MTEtMDllZjNkYzNjNTc4L2ltYWdlXkEyXkFqcGdeQXVyNjU0OTQ0OTY@._V1_SX101_CR0,0,101,150_.jpg"
Goodfellas,"['Biography', 'Crime', 'Drama']",https://www.imdb.com/title/tt0099685/,"https://m.media-amazon.com/images/M/MV5BY2NkZjEzMDgtN2RjYy00YzM1LWI4ZmQtMjIwYjFjNmI3ZGEwXkEyXkFqcGdeQXVyNzkwMjQ5NzM@._V1_SX101_CR0,0,101,150_.jpg"
One Flew Over the Cuckoo's Nest,['Drama'],https://www.imdb.com/title/tt0073486/,"https://m.media-amazon.com/images/M/MV5BZjA0OWVhOTAtYWQxNi00YzNhLWI4ZjYtNjFjZTEyYjJlNDVlL2ltYWdlL2ltYWdlXkEyXkFqcGdeQXVyMTQxNzMzNDI@._V1_SX101_CR0,0,101,150_.jpg"
Seven Samurai,"['Action', 'Adventure', 'Drama']",https://www.imdb.com/title/tt0047478/,"https://m.media-amazon.com/images/M/MV5BOWE4ZDdhNmMtNzE5ZC00NzExLTlhNGMtY2ZhYjYzODEzODA1XkEyXkFqcGdeQXVyNTAyODkwOQ@@._V1_SY150_CR2,0,101,150_.jpg"
Se7en,"['Crime', 'Drama', 'Mystery', 'Thriller']",https://www.imdb.com/title/tt0114369/,"https://m.media-amazon.com/images/M/MV5BOTUwODM5MTctZjczMi00OTk4LTg3NWUtNmVhMTAzNTNjYjcyXkEyXkFqcGdeQXVyNjU0OTQ0OTY@._V1_SX101_CR0,0,101,150_.jpg"
The Silence of the Lambs,"['Crime', 'Drama', 'Thriller']",https://www.imdb.com/title/tt0102926/,"https://m.media-amazon.com/images/M/MV5BNjNhZTk0ZmEtNjJhMi00YzFlLWE1MmEtYzM1M2ZmMGMwMTU4XkEyXkFqcGdeQXVyNjU0OTQ0OTY@._V1_SY150_CR0,0,101,150_.jpg"
City of God,"['Crime', 'Drama']",https://www.imdb.com/title/tt0317248/,"https://m.media-amazon.com/images/M/MV5BOTMwYjc5ZmItYTFjZC00ZGQ3LTlkNTMtMjZiNTZlMWQzNzI5XkEyXkFqcGdeQXVyNzkwMjQ5NzM@._V1_SX101_CR0,0,101,150_.jpg"
It's a Wonderful Life,"['Drama', 'Family', 'Fantasy']",https://www.imdb.com/title/tt0038650/,"https://m.media-amazon.com/images/M/MV5BZjc4NDZhZWMtNGEzYS00ZWU2LThlM2ItNTA0YzQ0OTExMTE2XkEyXkFqcGdeQXVyNjUwMzI2NzU@._V1_SY150_CR1,0,101,150_.jpg"
Life Is Beautiful,"['Comedy', 'Drama', 'Romance', 'War']",https://www.imdb.com/title/tt0118799/,"https://m.media-amazon.com/images/M/MV5BYmJmM2Q4NmMtYThmNC00ZjRlLWEyZmItZTIwOTBlZDQ3NTQ1XkEyXkFqcGdeQXVyMTQxNzMzNDI@._V1_SX101_CR0,0,101,150_.jpg"
Star Wars: Episode IV - A New Hope,"['Action', 'Adventure', 'Fantasy', 'Sci-Fi']",https://www.imdb.com/title/tt0076759/,"https://m.media-amazon.com/images/M/MV5BNzVlY2MwMjktM2E4OS00Y2Y3LWE3ZjctYzhkZGM3YzA1ZWM2XkEyXkFqcGdeQXVyNzkwMjQ5NzM@._V1_SX101_CR0,0,101,150_.jpg"
Saving Private Ryan,"['Drama', 'War']",https://www.imdb.com/title/tt0120815/,"https://m.media-amazon.com/images/M/MV5BZjhkMDM4MWItZTVjOC00ZDRhLThmYTAtM2I5NzBmNmNlMzI1XkEyXkFqcGdeQXVyNDYyMDk5MTU@._V1_SY150_CR0,0,101,150_.jpg"
Spirited Away,"['Animation', 'Adventure', 'Family', 'Fantasy', 'Mystery']",https://www.imdb.com/title/tt0245429/,"https://m.media-amazon.com/images/M/MV5BMjlmZmI5MDctNDE2YS00YWE0LWE5ZWItZDBhYWQ0NTcxNWRhXkEyXkFqcGdeQXVyMTMxODk2OTU@._V1_SY150_CR0,0,101,150_.jpg"
Interstellar,"['Adventure', 'Drama', 'Sci-Fi']",https://www.imdb.com/title/tt0816692/,"https://m.media-amazon.com/images/M/MV5BZjdkOTU3MDktN2IxOS00OGEyLWFmMjktY2FiMmZkNWIyODZiXkEyXkFqcGdeQXVyMTMxODk2OTU@._V1_SY150_CR0,0,101,150_.jpg"
The Green Mile,"['Crime', 'Drama', 'Fantasy', 'Mystery']",https://www.imdb.com/title/tt0120689/,"https://m.media-amazon.com/images/M/MV5BMTUxMzQyNjA5MF5BMl5BanBnXkFtZTYwOTU2NTY3._V1_SY150_CR0,0,101,150_.jpg"
Parasite,"['Comedy', 'Drama', 'Thriller']",https://www.imdb.com/title/tt6751668/,"https://m.media-amazon.com/images/M/MV5BYWZjMjk3ZTItODQ2ZC00NTY5LWE0ZDYtZTI3MjcwN2Q5NTVkXkEyXkFqcGdeQXVyODk4OTc3MTY@._V1_SY150_CR0,0,101,150_.jpg"
Léon: The Professional,"['Action', 'Crime', 'Drama', 'Thriller']",https://www.imdb.com/title/tt0110413/,"https://m.media-amazon.com/images/M/MV5BODllNWE0MmEtYjUwZi00ZjY3LThmNmQtZjZlMjI2YTZjYmQ0XkEyXkFqcGdeQXVyNTc1NTQxODI@._V1_SX101_CR0,0,101,150_.jpg"
Hara-Kiri,"['Action', 'Drama', 'Mystery']",https://www.imdb.com/title/tt0056058/,"https://m.media-amazon.com/images/M/MV5BYjBmYTQ1NjItZWU5MS00YjI0LTg2OTYtYmFkN2JkMmNiNWVkXkEyXkFqcGdeQXVyMTMxMTY0OTQ@._V1_SY150_CR4,0,101,150_.jpg"
The Usual Suspects,"['Crime', 'Mystery', 'Thriller']",https://www.imdb.com/title/tt0114814/,"https://m.media-amazon.com/images/M/MV5BYTViNjMyNmUtNDFkNC00ZDRlLThmMDUtZDU2YWE4NGI2ZjVmXkEyXkFqcGdeQXVyNjU0OTQ0OTY@._V1_SX101_CR0,0,101,150_.jpg"
The Pianist,"['Biography', 'Drama', 'Music', 'War']",https://www.imdb.com/title/tt0253474/,"https://m.media-amazon.com/images/M/MV5BOWRiZDIxZjktMTA1NC00MDQ2LWEzMjUtMTliZmY3NjQ3ODJiXkEyXkFqcGdeQXVyNjU0OTQ0OTY@._V1_SY150_CR4,0,101,150_.jpg"
Back to the Future,"['Adventure', 'Comedy', 'Sci-Fi']",https://www.imdb.com/title/tt0088763/,"https://m.media-amazon.com/images/M/MV5BZmU0M2Y1OGUtZjIxNi00ZjBkLTg1MjgtOWIyNThiZWIwYjRiXkEyXkFqcGdeQXVyMTQxNzMzNDI@._V1_SX101_CR0,0,101,150_.jpg"
Terminator 2: Judgment Day,"['Action', 'Sci-Fi']",https://www.imdb.com/title/tt0103064/,"https://m.media-amazon.com/images/M/MV5BMGU2NzRmZjUtOGUxYS00ZjdjLWEwZWItY2NlM2JhNjkxNTFmXkEyXkFqcGdeQXVyNjU0OTQ0OTY@._V1_SX101_CR0,0,101,150_.jpg"
Modern Times,"['Comedy', 'Drama', 'Family', 'Romance']",https://www.imdb.com/title/tt0027977/,"https://m.media-amazon.com/images/M/MV5BYjJiZjMzYzktNjU0NS00OTkxLWEwYzItYzdhYWJjN2QzMTRlL2ltYWdlL2ltYWdlXkEyXkFqcGdeQXVyNjU0OTQ0OTY@._V1_SX101_CR0,0,101,150_.jpg"
Psycho,"['Horror', 'Mystery', 'Thriller']",https://www.imdb.com/title/tt0054215/,"https://m.media-amazon.com/images/M/MV5BNTQwNDM1YzItNDAxZC00NWY2LTk0M2UtNDIwNWI5OGUyNWUxXkEyXkFqcGdeQXVyNzkwMjQ5NzM@._V1_SX101_CR0,0,101,150_.jpg"
The Lion King,"['Animation', 'Adventure', 'Drama', 'Family', 'Musical']",https://www.imdb.com/title/tt0110357/,"https://m.media-amazon.com/images/M/MV5BYTYxNGMyZTYtMjE3MS00MzNjLWFjNmYtMDk3N2FmM2JiM2M1XkEyXkFqcGdeQXVyNjY5NDU4NzI@._V1_SX101_CR0,0,101,150_.jpg"
American History X,['Drama'],https://www.imdb.com/title/tt0120586/,"https://m.media-amazon.com/images/M/MV5BZTJhN2FkYWEtMGI0My00YWM4LWI2MjAtM2UwNjY4MTI2ZTQyXkEyXkFqcGdeQXVyNjc3MjQzNTI@._V1_SY150_CR0,0,101,150_.jpg"
City Lights,"['Comedy', 'Drama', 'Romance']",https://www.imdb.com/title/tt0021749/,"https://m.media-amazon.com/images/M/MV5BY2I4MmM1N2EtM2YzOS00OWUzLTkzYzctNDc5NDg2N2IyODJmXkEyXkFqcGdeQXVyNzkwMjQ5NzM@._V1_SX101_CR0,0,101,150_.jpg"
Gladiator,"['Action', 'Adventure', 'Drama']",https://www.imdb.com/title/tt0172495/,"https://m.media-amazon.com/images/M/MV5BMDliMmNhNDEtODUyOS00MjNlLTgxODEtN2U3NzIxMGVkZTA1L2ltYWdlXkEyXkFqcGdeQXVyNjU0OTQ0OTY@._V1_SY150_CR0,0,101,150_.jpg"
Whiplash,"['Drama', 'Music']",https://www.imdb.com/title/tt2582802/,"https://m.media-amazon.com/images/M/MV5BOTA5NDZlZGUtMjAxOS00YTRkLTkwYmMtYWQ0NWEwZDZiNjEzXkEyXkFqcGdeQXVyMTMxODk2OTU@._V1_SY150_CR0,0,101,150_.jpg"
The Departed,"['Crime', 'Drama', 'Thriller']",https://www.imdb.com/title/tt0407887/,"https://m.media-amazon.com/images/M/MV5BMTI1MTY2OTIxNV5BMl5BanBnXkFtZTYwNjQ4NjY3._V1_SY150_CR0,0,101,150_.jpg"
Grave of the Fireflies,"['Animation', 'Drama', 'War']",https://www.imdb.com/title/tt0095327/,"https://m.media-amazon.com/images/M/MV5BZmY2NjUzNDQtNTgxNC00M2Q4LTljOWQtMjNjNDBjNWUxNmJlXkEyXkFqcGdeQXVyNTA4NzY1MzY@._V1_SX101_CR0,0,101,150_.jpg"
The Intouchables,"['Biography', 'Comedy', 'Drama']",https://www.imdb.com/title/tt1675434/,"https://m.media-amazon.com/images/M/MV5BMTYxNDA3MDQwNl5BMl5BanBnXkFtZTcwNTU4Mzc1Nw@@._V1_SY150_CR0,0,101,150_.jpg"
The Prestige,"['Drama', 'Mystery', 'Sci-Fi', 'Thriller']",https://www.imdb.com/title/tt0482571/,"https://m.media-amazon.com/images/M/MV5BMjA4NDI0MTIxNF5BMl5BanBnXkFtZTYwNTM0MzY2._V1_SY150_CR0,0,101,150_.jpg"
Casablanca,"['Drama', 'Romance', 'War']",https://www.imdb.com/title/tt0034583/,"https://m.media-amazon.com/images/M/MV5BY2IzZGY2YmEtYzljNS00NTM5LTgwMzUtMzM1NjQ4NGI0OTk0XkEyXkFqcGdeQXVyNDYyMDk5MTU@._V1_SX101_CR0,0,101,150_.jpg"
Once Upon a Time in the West,['Western'],https://www.imdb.com/title/tt0064116/,"https://m.media-amazon.com/images/M/MV5BZGI5MjBmYzYtMzJhZi00NGI1LTk3MzItYjBjMzcxM2U3MDdiXkEyXkFqcGdeQXVyNzkwMjQ5NzM@._V1_SX101_CR0,0,101,150_.jpg"
Rear Window,"['Mystery', 'Thriller']",https://www.imdb.com/title/tt0047396/,"https://m.media-amazon.com/images/M/MV5BNGUxYWM3M2MtMGM3Mi00ZmRiLWE0NGQtZjE5ODI2OTJhNTU0XkEyXkFqcGdeQXVyMTQxNzMzNDI@._V1_SY150_CR0,0,101,150_.jpg"
Cinema Paradiso,"['Drama', 'Romance']",https://www.imdb.com/title/tt0095765/,"https://m.media-amazon.com/images/M/MV5BM2FhYjEyYmYtMDI1Yy00YTdlLWI2NWQtYmEzNzAxOGY1NjY2XkEyXkFqcGdeQXVyNTA3NTIyNDg@._V1_SY150_CR0,0,101,150_.jpg"
Alien,"['Horror', 'Sci-Fi']",https://www.imdb.com/title/tt0078748/,"https://m.media-amazon.com/images/M/MV5BMmQ2MmU3NzktZjAxOC00ZDZhLTk4YzEtMDMyMzcxY2IwMDAyXkEyXkFqcGdeQXVyNzkwMjQ5NzM@._V1_SY150_CR0,0,101,150_.jpg"
Apocalypse Now,"['Drama', 'Mystery', 'War']",https://www.imdb.com/title/tt0078788/,"https://m.media-amazon.com/images/M/MV5BMDdhODg0MjYtYzBiOS00ZmI5LWEwZGYtZDEyNDU4MmQyNzFkXkEyXkFqcGdeQXVyNzkwMjQ5NzM@._V1_SX101_CR0,0,101,150_.jpg"
Memento,"['Mystery', 'Thriller']",https://www.imdb.com/title/tt0209144/,"https://m.media-amazon.com/images/M/MV5BZTcyNjk1MjgtOWI3Mi00YzQwLWI5MTktMzY4ZmI2NDAyNzYzXkEyXkFqcGdeQXVyNjU0OTQ0OTY@._V1_SY150_CR0,0,101,150_.jpg"
Indiana Jones and the Raiders of the Lost Ark,"['Action', 'Adventure']",https://www.imdb.com/title/tt0082971/,"https://m.media-amazon.com/images/M/MV5BMjA0ODEzMTc1Nl5BMl5BanBnXkFtZTcwODM2MjAxNA@@._V1_SX101_CR0,0,101,150_.jpg"
The Great Dictator,"['Comedy', 'Drama', 'War']",https://www.imdb.com/title/tt0032553/,"https://m.media-amazon.com/images/M/MV5BMmExYWJjNTktNGUyZS00ODhmLTkxYzAtNWIzOGEyMGNiMmUwXkEyXkFqcGdeQXVyNjU0OTQ0OTY@._V1_SY150_CR0,0,101,150_.jpg"
The Lives of Others,"['Drama', 'Mystery', 'Thriller']",https://www.imdb.com/title/tt0405094/,"https://m.media-amazon.com/images/M/MV5BOThkM2EzYmMtNDE3NS00NjlhLTg4YzktYTdhNzgyOWY3ZDYzXkEyXkFqcGdeQXVyNzQzNzQxNzI@._V1_SY150_CR2,0,101,150_.jpg"
Django Unchained,"['Drama', 'Western']",https://www.imdb.com/title/tt1853728/,"https://m.media-amazon.com/images/M/MV5BMjIyNTQ5NjQ1OV5BMl5BanBnXkFtZTcwODg1MDU4OA@@._V1_SY150_CR0,0,101,150_.jpg"
Paths of Glory,"['Drama', 'War']",https://www.imdb.com/title/tt0050825/,"https://m.media-amazon.com/images/M/MV5BNjViMmRkOTEtM2ViOS00ODg0LWJhYWEtNTBlOGQxNDczOGY3XkEyXkFqcGdeQXVyMDI2NDg0NQ@@._V1_SY150_CR3,0,101,150_.jpg"
Sunset Blvd.,"['Drama', 'Film-Noir']",https://www.imdb.com/title/tt0043014/,"https://m.media-amazon.com/images/M/MV5BMTU0NTkyNzYwMF5BMl5BanBnXkFtZTgwMDU0NDk5MTI@._V1_SX101_CR0,0,101,150_.jpg"
WALL·E,"['Animation', 'Adventure', 'Family', 'Romance', 'Sci-Fi']",https://www.imdb.com/title/tt0910970/,"https://m.media-amazon.com/images/M/MV5BMjExMTg5OTU0NF5BMl5BanBnXkFtZTcwMjMxMzMzMw@@._V1_SY150_CR0,0,101,150_.jpg"
The Shining,"['Drama', 'Horror']",https://www.imdb.com/title/tt0081505/,"https://m.media-amazon.com/images/M/MV5BZWFlYmY2MGEtZjVkYS00YzU4LTg0YjQtYzY1ZGE3NTA5NGQxXkEyXkFqcGdeQXVyMTQxNzMzNDI@._V1_SX101_CR0,0,101,150_.jpg"
Witness for the Prosecution,"['Crime', 'Drama', 'Mystery', 'Thriller']",https://www.imdb.com/title/tt0051201/,"https://m.media-amazon.com/images/M/MV5BNDQwODU5OWYtNDcyNi00MDQ1LThiOGMtZDkwNWJiM2Y3MDg0XkEyXkFqcGdeQXVyMDI2NDg0NQ@@._V1_SX101_CR0,0,101,150_.jpg"
Avengers: Infinity War,"['Action', 'Adventure', 'Sci-Fi']",https://www.imdb.com/title/tt4154756/,"https://m.media-amazon.com/images/M/MV5BMjMxNjY2MDU1OV5BMl5BanBnXkFtZTgwNzY1MTUwNTM@._V1_SY150_CR0,0,101,150_.jpg"
Joker,"['Crime', 'Drama', 'Thriller']",https://www.imdb.com/title/tt7286456/,"https://m.media-amazon.com/images/M/MV5BNGVjNWI4ZGUtNzE0MS00YTJmLWE0ZDctN2ZiYTk2YmI3NTYyXkEyXkFqcGdeQXVyMTkxNjUyNQ@@._V1_SY150_CR0,0,101,150_.jpg"
Dr. Strangelove or: How I Learned to Stop Worrying and Love the Bomb,['Comedy'],https://www.imdb.com/title/tt0057012/,"https://m.media-amazon.com/images/M/MV5BZWI3ZTMxNjctMjdlNS00NmUwLWFiM2YtZDUyY2I3N2MxYTE0XkEyXkFqcGdeQXVyNzkwMjQ5NzM@._V1_SX101_CR0,0,101,150_.jpg"
Spider-Man: Into the Spider-Verse,"['Animation', 'Action', 'Adventure', 'Family', 'Sci-Fi']",https://www.imdb.com/title/tt4633694/,"https://m.media-amazon.com/images/M/MV5BMjMwNDkxMTgzOF5BMl5BanBnXkFtZTgwNTkwNTQ3NjM@._V1_SY150_CR0,0,101,150_.jpg"
Oldboy,"['Action', 'Drama', 'Mystery', 'Thriller']",https://www.imdb.com/title/tt0364569/,"https://m.media-amazon.com/images/M/MV5BMTI3NTQyMzU5M15BMl5BanBnXkFtZTcwMTM2MjgyMQ@@._V1_SY150_CR0,0,101,150_.jpg"
Princess Mononoke,"['Animation', 'Action', 'Adventure', 'Fantasy']",https://www.imdb.com/title/tt0119698/,"https://m.media-amazon.com/images/M/MV5BNGIzY2IzODQtNThmMi00ZDE4LWI5YzAtNzNlZTM1ZjYyYjUyXkEyXkFqcGdeQXVyODEzNjM5OTQ@._V1_SX101_CR0,0,101,150_.jpg"
Hamilton,"['Biography', 'Drama', 'History', 'Musical']",https://www.imdb.com/title/tt8503618/,"https://m.media-amazon.com/images/M/MV5BNjViNWRjYWEtZTI0NC00N2E3LTk0NGQtMjY4NTM3OGNkZjY0XkEyXkFqcGdeQXVyMjUxMTY3ODM@._V1_SY150_CR0,0,101,150_.jpg"
Once Upon a Time in America,"['Crime', 'Drama']",https://www.imdb.com/title/tt0087843/,"https://m.media-amazon.com/images/M/MV5BMGFkNWI4MTMtNGQ0OC00MWVmLTk3MTktOGYxN2Y2YWVkZWE2XkEyXkFqcGdeQXVyNjU0OTQ0OTY@._V1_SX101_CR0,0,101,150_.jpg"
Your Name.,"['Animation', 'Drama', 'Fantasy', 'Romance']",https://www.imdb.com/title/tt5311514/,"https://m.media-amazon.com/images/M/MV5BODRmZDVmNzUtZDA4ZC00NjhkLWI2M2UtN2M0ZDIzNDcxYThjL2ltYWdlXkEyXkFqcGdeQXVyNTk0MzMzODA@._V1_SY150_CR0,0,101,150_.jpg"
The Dark Knight Rises,"['Action', 'Adventure']",https://www.imdb.com/title/tt1345836/,"https://m.media-amazon.com/images/M/MV5BMTk4ODQzNDY3Ml5BMl5BanBnXkFtZTcwODA0NTM4Nw@@._V1_SY150_CR0,0,101,150_.jpg"
Aliens,"['Action', 'Adventure', 'Sci-Fi', 'Thriller']",https://www.imdb.com/title/tt0090605/,"https://m.media-amazon.com/images/M/MV5BZGU2OGY5ZTYtMWNhYy00NjZiLWI0NjUtZmNhY2JhNDRmODU3XkEyXkFqcGdeQXVyNzkwMjQ5NzM@._V1_SX101_CR0,0,101,150_.jpg"
Coco,"['Animation', 'Adventure', 'Drama', 'Family', 'Fantasy', 'Music', 'Mystery']",https://www.imdb.com/title/tt2380307/,"https://m.media-amazon.com/images/M/MV5BYjQ5NjM0Y2YtNjZkNC00ZDhkLWJjMWItN2QyNzFkMDE3ZjAxXkEyXkFqcGdeQXVyODIxMzk5NjA@._V1_SY150_CR2,0,101,150_.jpg"
Pather Panchali,['Drama'],https://www.imdb.com/title/tt0048473/,"https://m.media-amazon.com/images/M/MV5BNDE5YmMxYjEtZjNjNC00NjM2LWE2ZjctOTkyNGMxODRiMGNiXkEyXkFqcGdeQXVyNTgyNTA4MjM@._V1_SY150_CR3,0,101,150_.jpg"
Das Boot,"['Adventure', 'Drama', 'Thriller', 'War']",https://www.imdb.com/title/tt0082096/,"https://m.media-amazon.com/images/M/MV5BOGZhZDIzNWMtNjkxMS00MDQ1LThkMTYtZWQzYWU3MWMxMGU5XkEyXkFqcGdeQXVyNjc1NTYyMjg@._V1_SX101_CR0,0,101,150_.jpg"
Capernaum,['Drama'],https://www.imdb.com/title/tt8267604/,"https://m.media-amazon.com/images/M/MV5BMmExNzU2ZWMtYzUwYi00YmM2LTkxZTQtNmVhNjY0NTMyMWI2XkEyXkFqcGdeQXVyMTMxODk2OTU@._V1_SY150_CR0,0,101,150_.jpg"
Avengers: Endgame,"['Action', 'Adventure', 'Drama', 'Sci-Fi']",https://www.imdb.com/title/tt4154796/,"https://m.media-amazon.com/images/M/MV5BMTc5MDE2ODcwNV5BMl5BanBnXkFtZTgwMzI2NzQ2NzM@._V1_SY150_CR0,0,101,150_.jpg"
High and Low,"['Crime', 'Drama', 'Mystery', 'Thriller']",https://www.imdb.com/title/tt0057565/,"https://m.media-amazon.com/images/M/MV5BOTI4NTNhZDMtMWNkZi00MTRmLWJmZDQtMmJkMGVmZTEzODlhXkEyXkFqcGdeQXVyNjc1NTYyMjg@._V1_SX101_CR0,0,101,150_.jpg"
American Beauty,['Drama'],https://www.imdb.com/title/tt0169547/,"https://m.media-amazon.com/images/M/MV5BNTBmZWJkNjctNDhiNC00MGE2LWEwOTctZTk5OGVhMWMyNmVhXkEyXkFqcGdeQXVyMTMxODk2OTU@._V1_SY150_CR0,0,101,150_.jpg"
Toy Story,"['Animation', 'Adventure', 'Comedy', 'Family', 'Fantasy']",https://www.imdb.com/title/tt0114709/,"https://m.media-amazon.com/images/M/MV5BMDU2ZWJlMjktMTRhMy00ZTA5LWEzNDgtYmNmZTEwZTViZWJkXkEyXkFqcGdeQXVyNDQ2OTk4MzI@._V1_SX101_CR0,0,101,150_.jpg"
Braveheart,"['Biography', 'Drama', 'History', 'War']",https://www.imdb.com/title/tt0112573/,"https://m.media-amazon.com/images/M/MV5BMzkzMmU0YTYtOWM3My00YzBmLWI0YzctOGYyNTkwMWE5MTJkXkEyXkFqcGdeQXVyNzkwMjQ5NzM@._V1_SY150_CR0,0,101,150_.jpg"
Amadeus,"['Biography', 'Drama', 'History', 'Music']",https://www.imdb.com/title/tt0086879/,"https://m.media-amazon.com/images/M/MV5BNWJlNzUzNGMtYTAwMS00ZjI2LWFmNWQtODcxNWUxODA5YmU1XkEyXkFqcGdeQXVyNTIzOTk5ODM@._V1_SX101_CR0,0,101,150_.jpg"
3 Idiots,"['Comedy', 'Drama']",https://www.imdb.com/title/tt1187043/,"https://m.media-amazon.com/images/M/MV5BNTkyOGVjMGEtNmQzZi00NzFlLTlhOWQtODYyMDc2ZGJmYzFhXkEyXkFqcGdeQXVyNjU0OTQ0OTY@._V1_SY150_CR1,0,101,150_.jpg"
Inglourious Basterds,"['Adventure', 'Drama', 'War']",https://www.imdb.com/title/tt0361748/,"https://m.media-amazon.com/images/M/MV5BOTJiNDEzOWYtMTVjOC00ZjlmLWE0NGMtZmE1OWVmZDQ2OWJhXkEyXkFqcGdeQXVyNTIzOTk5ODM@._V1_SY150_CR0,0,101,150_.jpg"
Good Will Hunting,"['Drama', 'Romance']",https://www.imdb.com/title/tt0119217/,"https://m.media-amazon.com/images/M/MV5BOTI0MzcxMTYtZDVkMy00NjY1LTgyMTYtZmUxN2M3NmQ2NWJhXkEyXkFqcGdeQXVyMTQxNzMzNDI@._V1_SX101_CR0,0,101,150_.jpg"
Star Wars: Episode VI - Return of the Jedi,"['Action', 'Adventure', 'Fantasy', 'Sci-Fi']",https://www.imdb.com/title/tt0086190/,"https://m.media-amazon.com/images/M/MV5BOWZlMjFiYzgtMTUzNC00Y2IzLTk1NTMtZmNhMTczNTk0ODk1XkEyXkFqcGdeQXVyNTAyODkwOQ@@._V1_SX101_CR0,0,101,150_.jpg"
2001: A Space Odyssey,"['Adventure', 'Sci-Fi']",https://www.imdb.com/title/tt0062622/,"https://m.media-amazon.com/images/M/MV5BMmNlYzRiNDctZWNhMi00MzI4LThkZTctMTUzMmZkMmFmNThmXkEyXkFqcGdeQXVyNzkwMjQ5NzM@._V1_SY150_CR0,0,101,150_.jpg"
Reservoir Dogs,"['Crime', 'Drama', 'Thriller']",https://www.imdb.com/title/tt0105236/,"https://m.media-amazon.com/images/M/MV5BZmExNmEwYWItYmQzOS00YjA5LTk2MjktZjEyZDE1Y2QxNjA1XkEyXkFqcGdeQXVyMTQxNzMzNDI@._V1_SX101_CR0,0,101,150_.jpg"
M,"['Crime', 'Mystery', 'Thriller']",https://www.imdb.com/title/tt0022100/,"https://m.media-amazon.com/images/M/MV5BODA4ODk3OTEzMF5BMl5BanBnXkFtZTgwMTQ2ODMwMzE@._V1_SX101_CR0,0,101,150_.jpg"
Like Stars on Earth,"['Drama', 'Family']",https://www.imdb.com/title/tt0986264/,"https://m.media-amazon.com/images/M/MV5BMDhjZWViN2MtNzgxOS00NmI4LThiZDQtZDI3MzM4MDE4NTc0XkEyXkFqcGdeQXVyMTMxODk2OTU@._V1_SY150_CR2,0,101,150_.jpg"
Citizen Kane,"['Drama', 'Mystery']",https://www.imdb.com/title/tt0033467/,"https://m.media-amazon.com/images/M/MV5BYjBiOTYxZWItMzdiZi00NjlkLWIzZTYtYmFhZjhiMTljOTdkXkEyXkFqcGdeQXVyNzkwMjQ5NzM@._V1_SX101_CR0,0,101,150_.jpg"
Vertigo,"['Mystery', 'Romance', 'Thriller']",https://www.imdb.com/title/tt0052357/,"https://m.media-amazon.com/images/M/MV5BYTE4ODEwZDUtNDFjOC00NjAxLWEzYTQtYTI1NGVmZmFlNjdiL2ltYWdlL2ltYWdlXkEyXkFqcGdeQXVyNjc1NTYyMjg@._V1_SX101_CR0,0,101,150_.jpg"
Requiem for a Dream,['Drama'],https://www.imdb.com/title/tt0180093/,"https://m.media-amazon.com/images/M/MV5BOTdiNzJlOWUtNWMwNS00NmFlLWI0YTEtZmI3YjIzZWUyY2Y3XkEyXkFqcGdeQXVyNjU0OTQ0OTY@._V1_SX101_CR0,0,101,150_.jpg"
The Hunt,['Drama'],https://www.imdb.com/title/tt2106476/,"https://m.media-amazon.com/images/M/MV5BMTg2NDg3ODg4NF5BMl5BanBnXkFtZTcwNzk3NTc3Nw@@._V1_SY150_CR2,0,101,150_.jpg"
Singin' in the Rain,"['Comedy', 'Musical', 'Romance']",https://www.imdb.com/title/tt0045152/,"https://m.media-amazon.com/images/M/MV5BZDRjNGViMjQtOThlMi00MTA3LThkYzQtNzJkYjBkMGE0YzE1XkEyXkFqcGdeQXVyNDYyMDk5MTU@._V1_SY150_CR1,0,101,150_.jpg"
North by Northwest,"['Adventure', 'Mystery', 'Thriller']",https://www.imdb.com/title/tt0053125/,"https://m.media-amazon.com/images/M/MV5BZDA3NDExMTUtMDlhOC00MmQ5LWExZGUtYmI1NGVlZWI4OWNiXkEyXkFqcGdeQXVyNjc1NTYyMjg@._V1_SX101_CR0,0,101,150_.jpg"
Come and See,"['Drama', 'Thriller', 'War']",https://www.imdb.com/title/tt0091251/,"https://m.media-amazon.com/images/M/MV5BODM4Njg0NTAtYjI5Ny00ZjAxLTkwNmItZTMxMWU5M2U3M2RjXkEyXkFqcGdeQXVyNzkwMjQ5NzM@._V1_SX101_CR0,0,101,150_.jpg"
Eternal Sunshine of the Spotless Mind,"['Drama', 'Romance', 'Sci-Fi']",https://www.imdb.com/title/tt0338013/,"https://m.media-amazon.com/images/M/MV5BMTY4NzcwODg3Nl5BMl5BanBnXkFtZTcwNTEwOTMyMw@@._V1_SY150_CR0,0,101,150_.jpg"
Bicycle Thieves,['Drama'],https://www.imdb.com/title/tt0040522/,"https://m.media-amazon.com/images/M/MV5BNmI1ODdjODctMDlmMC00ZWViLWI5MzYtYzRhNDdjYmM3MzFjXkEyXkFqcGdeQXVyMTMxODk2OTU@._V1_SY150_CR1,0,101,150_.jpg"
Ikiru,['Drama'],https://www.imdb.com/title/tt0044741/,"https://m.media-amazon.com/images/M/MV5BZmM0NGY3Y2MtMTA1YS00YmQzLTk2YTctYWFhMDkzMDRjZWQzXkEyXkFqcGdeQXVyNTA4NzY1MzY@._V1_SX101_CR0,0,101,150_.jpg"
Lawrence of Arabia,"['Adventure', 'Biography', 'Drama', 'History', 'War']",https://www.imdb.com/title/tt0056172/,"https://m.media-amazon.com/images/M/MV5BYWY5ZjhjNGYtZmI2Ny00ODM0LWFkNzgtZmI1YzA2N2MxMzA0XkEyXkFqcGdeQXVyNjUwNzk3NDc@._V1_SY150_CR1,0,101,150_.jpg"
The Father,['Drama'],https://www.imdb.com/title/tt10272386/,"https://m.media-amazon.com/images/M/MV5BZGJhNWRiOWQtMjI4OS00ZjcxLTgwMTAtMzQ2ODkxY2JkOTVlXkEyXkFqcGdeQXVyMTkxNjUyNQ@@._V1_SY150_CR0,0,101,150_.jpg"
The Kid,"['Comedy', 'Drama', 'Family']",https://www.imdb.com/title/tt0012349/,"https://m.media-amazon.com/images/M/MV5BZjhhMThhNDItNTY2MC00MmU1LTliNDEtNDdhZjdlNTY5ZDQ1XkEyXkFqcGdeQXVyNjc1NTYyMjg@._V1_SX101_CR0,0,101,150_.jpg"
Full Metal Jacket,"['Drama', 'War']",https://www.imdb.com/title/tt0093058/,"https://m.media-amazon.com/images/M/MV5BNzkxODk0NjEtYjc4Mi00ZDI0LTgyYjEtYzc1NDkxY2YzYTgyXkEyXkFqcGdeQXVyNzkwMjQ5NzM@._V1_SX101_CR0,0,101,150_.jpg"
Dangal,"['Action', 'Biography', 'Drama', 'Sport']",https://www.imdb.com/title/tt5074352/,"https://m.media-amazon.com/images/M/MV5BMTQ4MzQzMzM2Nl5BMl5BanBnXkFtZTgwMTQ1NzU3MDI@._V1_SY150_CR3,0,101,150_.jpg"
A Clockwork Orange,"['Crime', 'Drama', 'Sci-Fi']",https://www.imdb.com/title/tt0066921/,"https://m.media-amazon.com/images/M/MV5BMTY3MjM1Mzc4N15BMl5BanBnXkFtZTgwODM0NzAxMDE@._V1_SY150_CR0,0,101,150_.jpg"
Taxi Driver,"['Crime', 'Drama']",https://www.imdb.com/title/tt0075314/,"https://m.media-amazon.com/images/M/MV5BM2M1MmVhNDgtNmI0YS00ZDNmLTkyNjctNTJiYTQ2N2NmYzc2XkEyXkFqcGdeQXVyNzkwMjQ5NzM@._V1_SX101_CR0,0,101,150_.jpg"
Metropolis,"['Drama', 'Sci-Fi']",https://www.imdb.com/title/tt0017136/,"https://m.media-amazon.com/images/M/MV5BMTg5YWIyMWUtZDY5My00Zjc1LTljOTctYmI0MWRmY2M2NmRkXkEyXkFqcGdeQXVyMTMxODk2OTU@._V1_SY150_CR0,0,101,150_.jpg"
The Sting,"['Comedy', 'Crime', 'Drama']",https://www.imdb.com/title/tt0070735/,"https://m.media-amazon.com/images/M/MV5BNGU3NjQ4YTMtZGJjOS00YTQ3LThmNmItMTI5MDE2ODI3NzY3XkEyXkFqcGdeQXVyMjUzOTY1NTc@._V1_SX101_CR0,0,101,150_.jpg"
Double Indemnity,"['Crime', 'Drama', 'Film-Noir', 'Mystery', 'Thriller']",https://www.imdb.com/title/tt0036775/,"https://m.media-amazon.com/images/M/MV5BOTdlNjgyZGUtOTczYi00MDdhLTljZmMtYTEwZmRiOWFkYjRhXkEyXkFqcGdeQXVyNDY2MTk1ODk@._V1_SX101_CR0,0,101,150_.jpg"
1917,"['Drama', 'Thriller', 'War']",https://www.imdb.com/title/tt8579674/,"https://m.media-amazon.com/images/M/MV5BOTdmNTFjNDEtNzg0My00ZjkxLTg1ZDAtZTdkMDc2ZmFiNWQ1XkEyXkFqcGdeQXVyNTAzNzgwNTg@._V1_SX101_CR0,0,101,150_.jpg"
The Apartment,"['Comedy', 'Drama', 'Romance']",https://www.imdb.com/title/tt0053604/,"https://m.media-amazon.com/images/M/MV5BNzkwODFjNzItMmMwNi00MTU5LWE2MzktM2M4ZDczZGM1MmViXkEyXkFqcGdeQXVyNDY2MTk1ODk@._V1_SX101_CR0,0,101,150_.jpg"
Amélie,"['Comedy', 'Romance']",https://www.imdb.com/title/tt0211915/,"https://m.media-amazon.com/images/M/MV5BNDg4NjM1YjMtYmNhZC00MjM0LWFiZmYtNGY1YjA3MzZmODc5XkEyXkFqcGdeQXVyNDk3NzU2MTQ@._V1_SX101_CR0,0,101,150_.jpg"
A Separation,['Drama'],https://www.imdb.com/title/tt1832382/,"https://m.media-amazon.com/images/M/MV5BN2JmMjViMjMtZTM5Mi00ZGZkLTk5YzctZDg5MjFjZDE4NjNkXkEyXkFqcGdeQXVyMTMxODk2OTU@._V1_SY150_CR0,0,101,150_.jpg"
Snatch,"['Comedy', 'Crime']",https://www.imdb.com/title/tt0208092/,"https://m.media-amazon.com/images/M/MV5BMTA2NDYxOGYtYjU1Mi00Y2QzLTgxMTQtMWI1MGI0ZGQ5MmU4XkEyXkFqcGdeQXVyNDk3NzU2MTQ@._V1_SY150_CR1,0,101,150_.jpg"
Incendies,"['Drama', 'Mystery', 'War']",https://www.imdb.com/title/tt1255953/,"https://m.media-amazon.com/images/M/MV5BMWE3MGYzZjktY2Q5Mi00Y2NiLWIyYWUtMmIyNzA3YmZlMGFhXkEyXkFqcGdeQXVyMTMxODk2OTU@._V1_SX101_CR0,0,101,150_.jpg"
Scarface,"['Crime', 'Drama']",https://www.imdb.com/title/tt0086250/,"https://m.media-amazon.com/images/M/MV5BNjdjNGQ4NDEtNTEwYS00MTgxLTliYzQtYzE2ZDRiZjFhZmNlXkEyXkFqcGdeQXVyNjU0OTQ0OTY@._V1_SX101_CR0,0,101,150_.jpg"
Toy Story 3,"['Animation', 'Adventure', 'Comedy', 'Family', 'Fantasy']",https://www.imdb.com/title/tt0435761/,"https://m.media-amazon.com/images/M/MV5BMTgxOTY4Mjc0MF5BMl5BanBnXkFtZTcwNTA4MDQyMw@@._V1_SY150_CR2,0,101,150_.jpg"
To Kill a Mockingbird,"['Crime', 'Drama']",https://www.imdb.com/title/tt0056592/,"https://m.media-amazon.com/images/M/MV5BNmVmYzcwNzMtMWM1NS00MWIyLThlMDEtYzUwZDgzODE1NmE2XkEyXkFqcGdeQXVyNzkwMjQ5NzM@._V1_SX101_CR0,0,101,150_.jpg"
For a Few Dollars More,['Western'],https://www.imdb.com/title/tt0059578/,"https://m.media-amazon.com/images/M/MV5BNWM1NmYyM2ItMTFhNy00NDU0LThlYWUtYjQyYTJmOTY0ZmM0XkEyXkFqcGdeQXVyNjU0OTQ0OTY@._V1_SX101_CR0,0,101,150_.jpg"
Up,"['Animation', 'Adventure', 'Comedy', 'Family']",https://www.imdb.com/title/tt1049413/,"https://m.media-amazon.com/images/M/MV5BMTk3NDE2NzI4NF5BMl5BanBnXkFtZTgwNzE1MzEyMTE@._V1_SX101_CR0,0,101,150_.jpg"
Indiana Jones and the Last Crusade,"['Action', 'Adventure']",https://www.imdb.com/title/tt0097576/,"https://m.media-amazon.com/images/M/MV5BMjNkMzc2N2QtNjVlNS00ZTk5LTg0MTgtODY2MDAwNTMwZjBjXkEyXkFqcGdeQXVyNDk3NzU2MTQ@._V1_SY150_CR0,0,101,150_.jpg"
L.A. Confidential,"['Crime', 'Drama', 'Mystery', 'Thriller']",https://www.imdb.com/title/tt0119488/,"https://m.media-amazon.com/images/M/MV5BMDQ2YzEyZGItYWRhOS00MjBmLTkzMDUtMTdjYzkyMmQxZTJlXkEyXkFqcGdeQXVyNjU0OTQ0OTY@._V1_SY150_CR0,0,101,150_.jpg"
Heat,"['Crime', 'Drama', 'Thriller']",https://www.imdb.com/title/tt0113277/,"https://m.media-amazon.com/images/M/MV5BNGMwNzUwNjYtZWM5NS00YzMyLWI4NjAtNjM0ZDBiMzE1YWExXkEyXkFqcGdeQXVyNDk3NzU2MTQ@._V1_SY150_CR0,0,101,150_.jpg"
Rashomon,"['Crime', 'Drama', 'Mystery']",https://www.imdb.com/title/tt0042876/,"https://m.media-amazon.com/images/M/MV5BMjEzMzA4NDE2OF5BMl5BanBnXkFtZTcwNTc5MDI2NQ@@._V1_SX101_CR0,0,101,150_.jpg"
Yojimbo,"['Action', 'Drama', 'Thriller']",https://www.imdb.com/title/tt0055630/,"https://m.media-amazon.com/images/M/MV5BZThiZjAzZjgtNDU3MC00YThhLThjYWUtZGRkYjc2ZWZlOTVjXkEyXkFqcGdeQXVyNTA4NzY1MzY@._V1_SX101_CR0,0,101,150_.jpg"
Die Hard,"['Action', 'Thriller']",https://www.imdb.com/title/tt0095016/,"https://m.media-amazon.com/images/M/MV5BZjRlNDUxZjAtOGQ4OC00OTNlLTgxNmQtYTBmMDgwZmNmNjkxXkEyXkFqcGdeQXVyNzkwMjQ5NzM@._V1_SX101_CR0,0,101,150_.jpg"
Ran,"['Action', 'Drama', 'War']",https://www.imdb.com/title/tt0089881/,"https://m.media-amazon.com/images/M/MV5BZDBjZTM4ZmEtOTA5ZC00NTQzLTkyNzYtMmUxNGU2YjI5YjU5L2ltYWdlXkEyXkFqcGdeQXVyNTAyODkwOQ@@._V1_SY150_CR2,0,101,150_.jpg"
Monty Python and the Holy Grail,"['Adventure', 'Comedy', 'Fantasy']",https://www.imdb.com/title/tt0071853/,"https://m.media-amazon.com/images/M/MV5BN2IyNTE4YzUtZWU0Mi00MGIwLTgyMmQtMzQ4YzQxYWNlYWE2XkEyXkFqcGdeQXVyNjU0OTQ0OTY@._V1_SX101_CR0,0,101,150_.jpg"
Green Book,"['Biography', 'Comedy', 'Drama', 'Music']",https://www.imdb.com/title/tt6966692/,"https://m.media-amazon.com/images/M/MV5BYzIzYmJlYTYtNGNiYy00N2EwLTk4ZjItMGYyZTJiOTVkM2RlXkEyXkFqcGdeQXVyODY1NDk1NjE@._V1_SX101_CR0,0,101,150_.jpg"
Downfall,"['Biography', 'Drama', 'History', 'War']",https://www.imdb.com/title/tt0363163/,"https://m.media-amazon.com/images/M/MV5BMTU0NTU5NTAyMl5BMl5BanBnXkFtZTYwNzYwMDg2._V1_SY150_CR0,0,101,150_.jpg"
Batman Begins,"['Action', 'Adventure']",https://www.imdb.com/title/tt0372784/,"https://m.media-amazon.com/images/M/MV5BOTY4YjI2N2MtYmFlMC00ZjcyLTg3YjEtMDQyM2ZjYzQ5YWFkXkEyXkFqcGdeQXVyMTQxNzMzNDI@._V1_SY150_CR0,0,101,150_.jpg"
Some Like It Hot,"['Comedy', 'Music', 'Romance']",https://www.imdb.com/title/tt0053291/,"https://m.media-amazon.com/images/M/MV5BNzAyOGIxYjAtMGY2NC00ZTgyLWIwMWEtYzY0OWQ4NDFjOTc5XkEyXkFqcGdeQXVyNjU0OTQ0OTY@._V1_SX101_CR0,0,101,150_.jpg"
All About Eve,['Drama'],https://www.imdb.com/title/tt0042192/,"https://m.media-amazon.com/images/M/MV5BMTY2MTAzODI5NV5BMl5BanBnXkFtZTgwMjM4NzQ0MjE@._V1_SX101_CR0,0,101,150_.jpg"
Unforgiven,"['Drama', 'Western']",https://www.imdb.com/title/tt0105695/,"https://m.media-amazon.com/images/M/MV5BODM3YWY4NmQtN2Y3Ni00OTg0LWFhZGQtZWE3ZWY4MTJlOWU4XkEyXkFqcGdeQXVyNjU0OTQ0OTY@._V1_SX101_CR0,0,101,150_.jpg"
Children of Heaven,"['Drama', 'Family', 'Sport']",https://www.imdb.com/title/tt0118849/,"https://m.media-amazon.com/images/M/MV5BZTYwZWQ4ZTQtZWU0MS00N2YwLWEzMDItZWFkZWY0MWVjODVhXkEyXkFqcGdeQXVyNjU0OTQ0OTY@._V1_SX101_CR0,0,101,150_.jpg"
Howl's Moving Castle,"['Animation', 'Adventure', 'Family', 'Fantasy']",https://www.imdb.com/title/tt0347149/,"https://m.media-amazon.com/images/M/MV5BNmM4YTFmMmItMGE3Yy00MmRkLTlmZGEtMzZlOTQzYjk3MzA2XkEyXkFqcGdeQXVyMTMxODk2OTU@._V1_SX101_CR0,0,101,150_.jpg"
The Great Escape,"['Adventure', 'Drama', 'History', 'Thriller', 'War']",https://www.imdb.com/title/tt0057115/,"https://m.media-amazon.com/images/M/MV5BNzA2NmYxMWUtNzBlMC00MWM2LTkwNmQtYTFlZjQwODNhOWE0XkEyXkFqcGdeQXVyNTIzOTk5ODM@._V1_SX101_CR0,0,101,150_.jpg"
The Wolf of Wall Street,"['Biography', 'Crime', 'Drama']",https://www.imdb.com/title/tt0993846/,"https://m.media-amazon.com/images/M/MV5BMjIxMjgxNTk0MF5BMl5BanBnXkFtZTgwNjIyOTg2MDE@._V1_SY150_CR0,0,101,150_.jpg"
Judgment at Nuremberg,"['Drama', 'War']",https://www.imdb.com/title/tt0055031/,"https://m.media-amazon.com/images/M/MV5BNDc2ODQ5NTE2MV5BMl5BanBnXkFtZTcwODExMjUyNA@@._V1_SX101_CR0,0,101,150_.jpg"
Casino,"['Crime', 'Drama']",https://www.imdb.com/title/tt0112641/,"https://m.media-amazon.com/images/M/MV5BMTcxOWYzNDYtYmM4YS00N2NkLTk0NTAtNjg1ODgwZjAxYzI3XkEyXkFqcGdeQXVyNTA4NzY1MzY@._V1_SX101_CR0,0,101,150_.jpg"
Pan's Labyrinth,"['Drama', 'Fantasy', 'War']",https://www.imdb.com/title/tt0457430/,"https://m.media-amazon.com/images/M/MV5BMTU3ODg2NjQ5NF5BMl5BanBnXkFtZTcwMDEwODgzMQ@@._V1_SY150_CR0,0,101,150_.jpg"
The Treasure of the Sierra Madre,"['Adventure', 'Drama', 'Western']",https://www.imdb.com/title/tt0040897/,"https://m.media-amazon.com/images/M/MV5BOTJlZWMxYzEtMjlkMS00ODE0LThlM2ItMDI3NGQ2YjhmMzkxXkEyXkFqcGdeQXVyMDI2NDg0NQ@@._V1_SX101_CR0,0,101,150_.jpg"
A Beautiful Mind,"['Biography', 'Drama']",https://www.imdb.com/title/tt0268978/,https://m.media-amazon.com/images/M/MV5BMzcwYWFkYzktZjAzNC00OGY1LWI4YTgtNzc5MzVjMDVmNjY0XkEyXkFqcGdeQXVyMTQxNzMzNDI@._V1_SY150_SX101_.jpg
There Will Be Blood,['Drama'],https://www.imdb.com/title/tt0469494/,"https://m.media-amazon.com/images/M/MV5BMjAxODQ4MDU5NV5BMl5BanBnXkFtZTcwMDU4MjU1MQ@@._V1_SY150_CR0,0,101,150_.jpg"
The Secret in Their Eyes,"['Drama', 'Mystery', 'Romance', 'Thriller']",https://www.imdb.com/title/tt1305806/,"https://m.media-amazon.com/images/M/MV5BY2FhZGI5M2QtZWFiZS00NjkwLWE4NWQtMzg3ZDZjNjdkYTJiXkEyXkFqcGdeQXVyMTMxODk2OTU@._V1_SY150_CR0,0,101,150_.jpg"
Raging Bull,"['Biography', 'Drama', 'Sport']",https://www.imdb.com/title/tt0081398/,"https://m.media-amazon.com/images/M/MV5BYjRmODkzNDItMTNhNi00YjJlLTg0ZjAtODlhZTM0YzgzYThlXkEyXkFqcGdeQXVyNzQ1ODk3MTQ@._V1_SY150_CR0,0,101,150_.jpg"
My Neighbor Totoro,"['Animation', 'Family', 'Fantasy']",https://www.imdb.com/title/tt0096283/,"https://m.media-amazon.com/images/M/MV5BYzJjMTYyMjQtZDI0My00ZjE2LTkyNGYtOTllNGQxNDMyZjE0XkEyXkFqcGdeQXVyMTMxODk2OTU@._V1_SY150_CR3,0,101,150_.jpg"
Chinatown,"['Drama', 'Mystery', 'Thriller']",https://www.imdb.com/title/tt0071315/,"https://m.media-amazon.com/images/M/MV5BOGMwYmY5ZmEtMzY1Yi00OWJiLTk1Y2MtMzI2MjBhYmZkNTQ0XkEyXkFqcGdeQXVyNzkwMjQ5NzM@._V1_SX101_CR0,0,101,150_.jpg"
"Lock, Stock and Two Smoking Barrels","['Action', 'Comedy', 'Crime']",https://www.imdb.com/title/tt0120735/,"https://m.media-amazon.com/images/M/MV5BMTAyN2JmZmEtNjAyMy00NzYwLThmY2MtYWQ3OGNhNjExMmM4XkEyXkFqcGdeQXVyNDk3NzU2MTQ@._V1_SX101_CR0,0,101,150_.jpg"
The Gold Rush,"['Adventure', 'Comedy', 'Drama', 'Western']",https://www.imdb.com/title/tt0015864/,"https://m.media-amazon.com/images/M/MV5BZjEyOTE4MzMtNmMzMy00Mzc3LWJlOTQtOGJiNDE0ZmJiOTU4L2ltYWdlXkEyXkFqcGdeQXVyNTAyODkwOQ@@._V1_SY150_CR4,0,101,150_.jpg"
"Three Billboards Outside Ebbing, Missouri","['Comedy', 'Crime', 'Drama']",https://www.imdb.com/title/tt5027774/,"https://m.media-amazon.com/images/M/MV5BMjI0ODcxNzM1N15BMl5BanBnXkFtZTgwMzIwMTEwNDI@._V1_SY150_CR0,0,101,150_.jpg"
Dial M for Murder,"['Crime', 'Thriller']",https://www.imdb.com/title/tt0046912/,"https://m.media-amazon.com/images/M/MV5BOWIwODIxYWItZDI4MS00YzhhLWE3MmYtMzlhZDIwOTMzZmE5L2ltYWdlXkEyXkFqcGdeQXVyNjc1NTYyMjg@._V1_SX101_CR0,0,101,150_.jpg"
No Country for Old Men,"['Crime', 'Drama', 'Thriller']",https://www.imdb.com/title/tt0477348/,"https://m.media-amazon.com/images/M/MV5BMjA5Njk3MjM4OV5BMl5BanBnXkFtZTcwMTc5MTE1MQ@@._V1_SY150_CR0,0,101,150_.jpg"
Shutter Island,"['Mystery', 'Thriller']",https://www.imdb.com/title/tt1130884/,"https://m.media-amazon.com/images/M/MV5BYzhiNDkyNzktNTZmYS00ZTBkLTk2MDAtM2U0YjU1MzgxZjgzXkEyXkFqcGdeQXVyMTMxODk2OTU@._V1_SY150_CR0,0,101,150_.jpg"
The Seventh Seal,"['Drama', 'Fantasy', 'History', 'Thriller']",https://www.imdb.com/title/tt0050976/,"https://m.media-amazon.com/images/M/MV5BM2I1ZWU4YjMtYzU0My00YmMzLWFmNTAtZDJhZGYwMmI3YWQ5XkEyXkFqcGdeQXVyNjU0OTQ0OTY@._V1_SX101_CR0,0,101,150_.jpg"
The Elephant Man,"['Biography', 'Drama']",https://www.imdb.com/title/tt0080678/,"https://m.media-amazon.com/images/M/MV5BMDVjNjIwOGItNDE3Ny00OThjLWE0NzQtZTU3YjMzZTZjMzhkXkEyXkFqcGdeQXVyMTQxNzMzNDI@._V1_SX101_CR0,0,101,150_.jpg"
The Thing,"['Horror', 'Mystery', 'Sci-Fi']",https://www.imdb.com/title/tt0084787/,"https://m.media-amazon.com/images/M/MV5BNGViZWZmM2EtNGYzZi00ZDAyLTk3ODMtNzIyZTBjN2Y1NmM1XkEyXkFqcGdeQXVyNTAyODkwOQ@@._V1_SX101_CR0,0,101,150_.jpg"
The Sixth Sense,"['Drama', 'Mystery', 'Thriller']",https://www.imdb.com/title/tt0167404/,"https://m.media-amazon.com/images/M/MV5BMWM4NTFhYjctNzUyNi00NGMwLTk3NTYtMDIyNTZmMzRlYmQyXkEyXkFqcGdeQXVyMTAwMzUyOTc@._V1_SY150_CR0,0,101,150_.jpg"
Inside Out,"['Animation', 'Adventure', 'Comedy', 'Drama', 'Family', 'Fantasy']",https://www.imdb.com/title/tt2096673/,"https://m.media-amazon.com/images/M/MV5BOTgxMDQwMDk0OF5BMl5BanBnXkFtZTgwNjU5OTg2NDE@._V1_SY150_CR0,0,101,150_.jpg"
V for Vendetta,"['Action', 'Drama', 'Sci-Fi', 'Thriller']",https://www.imdb.com/title/tt0434409/,"https://m.media-amazon.com/images/M/MV5BOTI5ODc3NzExNV5BMl5BanBnXkFtZTcwNzYxNzQzMw@@._V1_SY150_CR0,0,101,150_.jpg"
The Third Man,"['Film-Noir', 'Mystery', 'Thriller']",https://www.imdb.com/title/tt0041959/,"https://m.media-amazon.com/images/M/MV5BYjE2OTdhMWUtOGJlMy00ZDViLWIzZjgtYjZkZGZmMDZjYmEyXkEyXkFqcGdeQXVyNzkwMjQ5NzM@._V1_SX101_CR0,0,101,150_.jpg"
Klaus,"['Animation', 'Adventure', 'Comedy', 'Family']",https://www.imdb.com/title/tt4729430/,"https://m.media-amazon.com/images/M/MV5BMWYwOThjM2ItZGYxNy00NTQwLWFlZWEtM2MzM2Q5MmY3NDU5XkEyXkFqcGdeQXVyMTkxNjUyNQ@@._V1_SY150_CR0,0,101,150_.jpg"
Blade Runner,"['Action', 'Sci-Fi', 'Thriller']",https://www.imdb.com/title/tt0083658/,"https://m.media-amazon.com/images/M/MV5BNzQzMzJhZTEtOWM4NS00MTdhLTg0YjgtMjM4MDRkZjUwZDBlXkEyXkFqcGdeQXVyNjU0OTQ0OTY@._V1_SX101_CR0,0,101,150_.jpg"
The Bridge on the River Kwai,"['Adventure', 'Drama', 'War']",https://www.imdb.com/title/tt0050212/,"https://m.media-amazon.com/images/M/MV5BOGY5NmNlMmQtYzRlYy00NGQ5LWFkYjYtNzExZmQyMTg0ZDA0XkEyXkFqcGdeQXVyNDIzMzcwNjc@._V1_SX101_CR0,0,101,150_.jpg"
Wild Strawberries,"['Drama', 'Romance']",https://www.imdb.com/title/tt0050986/,"https://m.media-amazon.com/images/M/MV5BZjJhNTBmNTgtMDViOC00NDY2LWE4N2ItMDJiM2ZiYmQzYzliXkEyXkFqcGdeQXVyMzg1ODEwNQ@@._V1_SY150_CR2,0,101,150_.jpg"
Trainspotting,['Drama'],https://www.imdb.com/title/tt0117951/,"https://m.media-amazon.com/images/M/MV5BMzA5Zjc3ZTMtMmU5YS00YTMwLWI4MWUtYTU0YTVmNjVmODZhXkEyXkFqcGdeQXVyNjU0OTQ0OTY@._V1_SY150_CR0,0,101,150_.jpg"
My Father and My Son,"['Drama', 'Family']",https://www.imdb.com/title/tt0476735/,"https://m.media-amazon.com/images/M/MV5BNjAzMzEwYzctNjc1MC00Nzg5LWFmMGItMTgzYmMyNTY2OTQ4XkEyXkFqcGdeQXVyNjU0OTQ0OTY@._V1_SY150_CR1,0,101,150_.jpg"
Warrior,"['Action', 'Drama', 'Sport']",https://www.imdb.com/title/tt1291584/,"https://m.media-amazon.com/images/M/MV5BMTk4ODk5MTMyNV5BMl5BanBnXkFtZTcwMDMyNTg0Ng@@._V1_SX101_CR0,0,101,150_.jpg"
The Truman Show,"['Comedy', 'Drama']",https://www.imdb.com/title/tt0120382/,"https://m.media-amazon.com/images/M/MV5BMDIzODcyY2EtMmY2MC00ZWVlLTgwMzAtMjQwOWUyNmJjNTYyXkEyXkFqcGdeQXVyNDk3NzU2MTQ@._V1_SY150_CR0,0,101,150_.jpg"
Jurassic Park,"['Action', 'Adventure', 'Sci-Fi', 'Thriller']",https://www.imdb.com/title/tt0107290/,"https://m.media-amazon.com/images/M/MV5BMjM2MDgxMDg0Nl5BMl5BanBnXkFtZTgwNTM2OTM5NDE@._V1_SX101_CR0,0,101,150_.jpg"
Fargo,"['Crime', 'Drama', 'Thriller']",https://www.imdb.com/title/tt0116282/,"https://m.media-amazon.com/images/M/MV5BNDJiZDgyZjctYmRjMS00ZjdkLTkwMTEtNGU1NDg3NDQ0Yzk1XkEyXkFqcGdeQXVyNzkwMjQ5NzM@._V1_SY150_CR0,0,101,150_.jpg"
Memories of Murder,"['Crime', 'Drama', 'Mystery', 'Thriller']",https://www.imdb.com/title/tt0353969/,"https://m.media-amazon.com/images/M/MV5BOGViNTg4YTktYTQ2Ni00MTU0LTk2NWUtMTI4OTc1YTM0NzQ2XkEyXkFqcGdeQXVyMDM2NDM2MQ@@._V1_SY150_CR0,0,101,150_.jpg"
Finding Nemo,"['Animation', 'Adventure', 'Comedy', 'Family']",https://www.imdb.com/title/tt0266543/,"https://m.media-amazon.com/images/M/MV5BZTAzNWZlNmUtZDEzYi00ZjA5LWIwYjEtZGM1NWE1MjE4YWRhXkEyXkFqcGdeQXVyNjU0OTQ0OTY@._V1_SX101_CR0,0,101,150_.jpg"
Gone with the Wind,"['Drama', 'History', 'Romance', 'War']",https://www.imdb.com/title/tt0031381/,"https://m.media-amazon.com/images/M/MV5BYjUyZWZkM2UtMzYxYy00ZmQ3LWFmZTQtOGE2YjBkNjA3YWZlXkEyXkFqcGdeQXVyNzkwMjQ5NzM@._V1_SX101_CR0,0,101,150_.jpg"
Tokyo Story,['Drama'],https://www.imdb.com/title/tt0046438/,"https://m.media-amazon.com/images/M/MV5BYWQ4ZTRiODktNjAzZC00Nzg1LTk1YWQtNDFmNDI0NmZiNGIwXkEyXkFqcGdeQXVyNzkwMjQ5NzM@._V1_SY150_CR1,0,101,150_.jpg"
Kill Bill: Vol. 1,"['Action', 'Crime', 'Drama', 'Thriller']",https://www.imdb.com/title/tt0266697/,"https://m.media-amazon.com/images/M/MV5BNzM3NDFhYTAtYmU5Mi00NGRmLTljYjgtMDkyODQ4MjNkMGY2XkEyXkFqcGdeQXVyNzkwMjQ5NzM@._V1_SX101_CR0,0,101,150_.jpg"
On the Waterfront,"['Crime', 'Drama', 'Thriller']",https://www.imdb.com/title/tt0047296/,"https://m.media-amazon.com/images/M/MV5BY2I0MWFiZDMtNWQyYy00Njk5LTk3MDktZjZjNTNmZmVkYjkxXkEyXkFqcGdeQXVyNjc1NTYyMjg@._V1_SX101_CR0,0,101,150_.jpg"
Stalker,"['Drama', 'Sci-Fi']",https://www.imdb.com/title/tt0079944/,"https://m.media-amazon.com/images/M/MV5BMDgwODNmMGItMDcwYi00OWZjLTgyZjAtMGYwMmI4N2Q0NmJmXkEyXkFqcGdeQXVyNzY1MTU0Njk@._V1_SY150_CR2,0,101,150_.jpg"
The General,"['Action', 'Adventure', 'Comedy', 'Drama', 'War']",https://www.imdb.com/title/tt0017925/,"https://m.media-amazon.com/images/M/MV5BYmRiMDFlYjYtOTMwYy00OGY2LWE0Y2QtYzQxOGNhZmUwNTIxXkEyXkFqcGdeQXVyNzkwMjQ5NzM@._V1_SY150_CR0,0,101,150_.jpg"
The Deer Hunter,"['Drama', 'War']",https://www.imdb.com/title/tt0077416/,"https://m.media-amazon.com/images/M/MV5BNDhmNTA0ZDMtYjhkNS00NzEzLWIzYTItOGNkMTVmYjE2YmI3XkEyXkFqcGdeQXVyNzkwMjQ5NzM@._V1_SY150_CR0,0,101,150_.jpg"
Wild Tales,"['Comedy', 'Drama', 'Thriller']",https://www.imdb.com/title/tt3011894/,"https://m.media-amazon.com/images/M/MV5BNGQzY2Y0MTgtMDA4OC00NjM3LWI0ZGQtNTJlM2UxZDQxZjI0XkEyXkFqcGdeQXVyNDUzOTQ5MjY@._V1_SY150_CR3,0,101,150_.jpg"
Gran Torino,['Drama'],https://www.imdb.com/title/tt1205489/,"https://m.media-amazon.com/images/M/MV5BMTc5NTk2OTU1Nl5BMl5BanBnXkFtZTcwMDc3NjAwMg@@._V1_SY150_CR0,0,101,150_.jpg"
Sherlock Jr.,"['Action', 'Comedy', 'Romance']",https://www.imdb.com/title/tt0015324/,"https://m.media-amazon.com/images/M/MV5BZWFhOGU5NDctY2Q3YS00Y2VlLWI1NzEtZmIwY2ZiZjY4OTA2XkEyXkFqcGdeQXVyMDI2NDg0NQ@@._V1_SX101_CR0,0,101,150_.jpg"
Room,"['Drama', 'Thriller']",https://www.imdb.com/title/tt3170832/,"https://m.media-amazon.com/images/M/MV5BMjE4NzgzNzEwMl5BMl5BanBnXkFtZTgwMTMzMDE0NjE@._V1_SY150_CR0,0,101,150_.jpg"
The Grand Budapest Hotel,"['Adventure', 'Comedy', 'Crime']",https://www.imdb.com/title/tt2278388/,"https://m.media-amazon.com/images/M/MV5BMzM5NjUxOTEyMl5BMl5BanBnXkFtZTgwNjEyMDM0MDE@._V1_SY150_CR0,0,101,150_.jpg"
Before Sunrise,"['Drama', 'Romance']",https://www.imdb.com/title/tt0112471/,"https://m.media-amazon.com/images/M/MV5BZDdiZTAwYzAtMDI3Ni00OTRjLTkzN2UtMGE3MDMyZmU4NTU4XkEyXkFqcGdeQXVyNjU0OTQ0OTY@._V1_SX101_CR0,0,101,150_.jpg"
Mary and Max,"['Animation', 'Comedy', 'Drama', 'Family']",https://www.imdb.com/title/tt0978762/,"https://m.media-amazon.com/images/M/MV5BMDgzYjQwMDMtNGUzYi00MTRmLWIyMGMtNjE1OGZkNzY2YWIzL2ltYWdlXkEyXkFqcGdeQXVyNjU0OTQ0OTY@._V1_SY150_CR2,0,101,150_.jpg"
Persona,"['Drama', 'Thriller']",https://www.imdb.com/title/tt0060827/,"https://m.media-amazon.com/images/M/MV5BMTM0YzExY2EtMjUyZi00ZmIwLWFkYTktNjY5NmVkYTdkMjI5XkEyXkFqcGdeQXVyNzQxNDExNTU@._V1_SY150_CR1,0,101,150_.jpg"
In the Name of the Father,"['Biography', 'Crime', 'Drama']",https://www.imdb.com/title/tt0107207/,"https://m.media-amazon.com/images/M/MV5BMmYyOTgwYWItYmU3Ny00M2E2LTk0NWMtMDVlNmQ0MWZiMTMxXkEyXkFqcGdeQXVyNzkwMjQ5NzM@._V1_SX101_CR0,0,101,150_.jpg"
Prisoners,"['Crime', 'Drama', 'Mystery', 'Thriller']",https://www.imdb.com/title/tt1392214/,"https://m.media-amazon.com/images/M/MV5BMTg0NTIzMjQ1NV5BMl5BanBnXkFtZTcwNDc3MzM5OQ@@._V1_SY150_CR0,0,101,150_.jpg"
Mr. Smith Goes to Washington,"['Comedy', 'Drama']",https://www.imdb.com/title/tt0031679/,"https://m.media-amazon.com/images/M/MV5BZTYwYjYxYzgtMDE1Ni00NzU4LWJlMTEtODQ5YmJmMGJhZjI5L2ltYWdlXkEyXkFqcGdeQXVyMDI2NDg0NQ@@._V1_SX101_CR0,0,101,150_.jpg"
Gone Girl,"['Drama', 'Mystery', 'Thriller']",https://www.imdb.com/title/tt2267998/,"https://m.media-amazon.com/images/M/MV5BMTk0MDQ3MzAzOV5BMl5BanBnXkFtZTgwNzU1NzE3MjE@._V1_SY150_CR0,0,101,150_.jpg"
To Be or Not to Be,"['Comedy', 'Romance', 'War']",https://www.imdb.com/title/tt0035446/,"https://m.media-amazon.com/images/M/MV5BYTIwNDcyMjktMTczMy00NDM5LTlhNDEtMmE3NGVjOTM2YjQ3XkEyXkFqcGdeQXVyNjc0MzMzNjA@._V1_SX101_CR0,0,101,150_.jpg"
Catch Me If You Can,"['Biography', 'Crime', 'Drama']",https://www.imdb.com/title/tt0264464/,"https://m.media-amazon.com/images/M/MV5BMTY5MzYzNjc5NV5BMl5BanBnXkFtZTYwNTUyNTc2._V1_SY150_CR0,0,101,150_.jpg"
Hacksaw Ridge,"['Biography', 'Drama', 'History', 'War']",https://www.imdb.com/title/tt2119532/,"https://m.media-amazon.com/images/M/MV5BMjQ1NjM3MTUxNV5BMl5BanBnXkFtZTgwMDc5MTY5OTE@._V1_SX101_CR0,0,101,150_.jpg"
Andhadhun,"['Crime', 'Drama', 'Music', 'Mystery', 'Thriller']",https://www.imdb.com/title/tt8108198/,"https://m.media-amazon.com/images/M/MV5BZWZhMjhhZmYtOTIzOC00MGYzLWI1OGYtM2ZkN2IxNTI4ZWI3XkEyXkFqcGdeQXVyNDAzNDk0MTQ@._V1_SY150_CR1,0,101,150_.jpg"
Barry Lyndon,"['Adventure', 'Drama', 'History', 'War']",https://www.imdb.com/title/tt0072684/,"https://m.media-amazon.com/images/M/MV5BNmY0MWY2NDctZDdmMi00MjA1LTk0ZTQtZDMyZTQ1NTNlYzVjXkEyXkFqcGdeQXVyMjUzOTY1NTc@._V1_SX101_CR0,0,101,150_.jpg"
The Big Lebowski,"['Comedy', 'Crime', 'Sport']",https://www.imdb.com/title/tt0118715/,"https://m.media-amazon.com/images/M/MV5BMTQ0NjUzMDMyOF5BMl5BanBnXkFtZTgwODA1OTU0MDE@._V1_SX101_CR0,0,101,150_.jpg"
Ford v Ferrari,"['Action', 'Biography', 'Drama', 'Sport']",https://www.imdb.com/title/tt1950186/,"https://m.media-amazon.com/images/M/MV5BM2UwMDVmMDItM2I2Yi00NGZmLTk4ZTUtY2JjNTQ3OGQ5ZjM2XkEyXkFqcGdeQXVyMTA1OTYzOTUx._V1_SY150_CR0,0,101,150_.jpg"
12 Years a Slave,"['Biography', 'Drama', 'History']",https://www.imdb.com/title/tt2024544/,"https://m.media-amazon.com/images/M/MV5BMjExMTEzODkyN15BMl5BanBnXkFtZTcwNTU4NTc4OQ@@._V1_SY150_CR0,0,101,150_.jpg"
The Passion of Joan of Arc,"['Biography', 'Drama', 'History']",https://www.imdb.com/title/tt0019254/,"https://m.media-amazon.com/images/M/MV5BNjBjNDJiYTUtOWY0OS00OGVmLTg2YzctMTE0NzVhODM1ZWJmXkEyXkFqcGdeQXVyNjU0OTQ0OTY@._V1_SX101_CR0,0,101,150_.jpg"
How to Train Your Dragon,"['Animation', 'Action', 'Adventure', 'Family', 'Fantasy']",https://www.imdb.com/title/tt0892769/,"https://m.media-amazon.com/images/M/MV5BMjA5NDQyMjc2NF5BMl5BanBnXkFtZTcwMjg5ODcyMw@@._V1_SX101_CR0,0,101,150_.jpg"
Mad Max: Fury Road,"['Action', 'Adventure', 'Sci-Fi', 'Thriller']",https://www.imdb.com/title/tt1392190/,"https://m.media-amazon.com/images/M/MV5BN2EwM2I5OWMtMGQyMi00Zjg1LWJkNTctZTdjYTA4OGUwZjMyXkEyXkFqcGdeQXVyMTMxODk2OTU@._V1_SY150_CR0,0,101,150_.jpg"
The Wages of Fear,"['Adventure', 'Drama', 'Thriller']",https://www.imdb.com/title/tt0046268/,"https://m.media-amazon.com/images/M/MV5BZDdkNzMwZmUtY2Q5MS00ZmM2LWJhYjItYTBjMWY0MGM4MDRjXkEyXkFqcGdeQXVyNTA4NzY1MzY@._V1_SY150_CR1,0,101,150_.jpg"
Ben-Hur,"['Adventure', 'Drama', 'History']",https://www.imdb.com/title/tt0052618/,"https://m.media-amazon.com/images/M/MV5BNjgxY2JiZDYtZmMwOC00ZmJjLWJmODUtMTNmNWNmYWI5ODkwL2ltYWdlL2ltYWdlXkEyXkFqcGdeQXVyNjc1NTYyMjg@._V1_SX101_CR0,0,101,150_.jpg"
Million Dollar Baby,"['Drama', 'Sport']",https://www.imdb.com/title/tt0405159/,"https://m.media-amazon.com/images/M/MV5BMTkxNzA1NDQxOV5BMl5BanBnXkFtZTcwNTkyMTIzMw@@._V1_SY150_CR0,0,101,150_.jpg"
Network,['Drama'],https://www.imdb.com/title/tt0074958/,"https://m.media-amazon.com/images/M/MV5BZGNjYjM2MzItZGQzZi00NmY3LTgxOGUtMTQ2MWQxNWQ2MmMwXkEyXkFqcGdeQXVyNzM0MTUwNTY@._V1_SX101_CR0,0,101,150_.jpg"
Dead Poets Society,"['Comedy', 'Drama']",https://www.imdb.com/title/tt0097165/,"https://m.media-amazon.com/images/M/MV5BOGYwYWNjMzgtNGU4ZC00NWQ2LWEwZjUtMzE1Zjc3NjY3YTU1XkEyXkFqcGdeQXVyMTQxNzMzNDI@._V1_SY150_CR0,0,101,150_.jpg"
Stand by Me,"['Adventure', 'Drama']",https://www.imdb.com/title/tt0092005/,"https://m.media-amazon.com/images/M/MV5BODJmY2Y2OGQtMDg2My00N2Q3LWJmZTUtYTc2ODBjZDVlNDlhXkEyXkFqcGdeQXVyMTQxNzMzNDI@._V1_SX101_CR0,0,101,150_.jpg"
Harry Potter and the Deathly Hallows: Part 2,"['Adventure', 'Drama', 'Fantasy', 'Mystery']",https://www.imdb.com/title/tt1201607/,"https://m.media-amazon.com/images/M/MV5BMGVmMWNiMDktYjQ0Mi00MWIxLTk0N2UtN2ZlYTdkN2IzNDNlXkEyXkFqcGdeQXVyODE5NzE3OTE@._V1_SX101_CR0,0,101,150_.jpg"
Autumn Sonata,"['Drama', 'Music']",https://www.imdb.com/title/tt0077711/,"https://m.media-amazon.com/images/M/MV5BNGIyMWRlYTctMWNlMi00ZGIzLThjOTgtZjQzZjRjNmRhMDdlXkEyXkFqcGdeQXVyMTAwMzUyOTc@._V1_SX101_CR0,0,101,150_.jpg"
Cool Hand Luke,"['Crime', 'Drama']",https://www.imdb.com/title/tt0061512/,"https://m.media-amazon.com/images/M/MV5BOWFlNzZhYmYtYTI5YS00MDQyLWIyNTUtNTRjMWUwNTEzNjA0XkEyXkFqcGdeQXVyNjUwNzk3NDc@._V1_SX101_CR0,0,101,150_.jpg"
The 400 Blows,"['Crime', 'Drama']",https://www.imdb.com/title/tt0053198/,"https://m.media-amazon.com/images/M/MV5BYTQ4MjA4NmYtYjRhNi00MTEwLTg0NjgtNjk3ODJlZGU4NjRkL2ltYWdlL2ltYWdlXkEyXkFqcGdeQXVyNjU0OTQ0OTY@._V1_SY150_CR6,0,101,150_.jpg"
The Handmaiden,"['Drama', 'Romance', 'Thriller']",https://www.imdb.com/title/tt4016934/,"https://m.media-amazon.com/images/M/MV5BNDJhYTk2MTctZmVmOS00OTViLTgxNjQtMzQxOTRiMDdmNGRjXkEyXkFqcGdeQXVyMTMxODk2OTU@._V1_SY150_CR1,0,101,150_.jpg"
The Bandit,"['Crime', 'Drama', 'Thriller']",https://www.imdb.com/title/tt0116231/,"https://m.media-amazon.com/images/M/MV5BOGQ4ZjFmYjktOGNkNS00OWYyLWIyZjgtMGJjM2U1ZTA0ZTlhXkEyXkFqcGdeQXVyNTA4NzY1MzY@._V1_SY150_CR2,0,101,150_.jpg"
Logan,"['Action', 'Drama', 'Sci-Fi', 'Thriller']",https://www.imdb.com/title/tt3315342/,"https://m.media-amazon.com/images/M/MV5BYzc5MTU4N2EtYTkyMi00NjdhLTg3NWEtMTY4OTEyMzJhZTAzXkEyXkFqcGdeQXVyNjc1NTYyMjg@._V1_SX101_CR0,0,101,150_.jpg"
Platoon,"['Drama', 'War']",https://www.imdb.com/title/tt0091763/,"https://m.media-amazon.com/images/M/MV5BMzRjZjdlMjQtODVkYS00N2YzLWJlYWYtMGVlN2E5MWEwMWQzXkEyXkFqcGdeQXVyMTQxNzMzNDI@._V1_SX101_CR0,0,101,150_.jpg"
Hachi: A Dog's Tale,"['Biography', 'Drama', 'Family']",https://www.imdb.com/title/tt1028532/,"https://m.media-amazon.com/images/M/MV5BNzE4NDg5OWMtMzg3NC00ZDRjLTllMDMtZTRjNWZmNjBmMGZlXkEyXkFqcGdeQXVyMTMxODk2OTU@._V1_SY150_CR2,0,101,150_.jpg"
La Haine,"['Crime', 'Drama']",https://www.imdb.com/title/tt0113247/,"https://m.media-amazon.com/images/M/MV5BNDNiOTA5YjktY2Q0Ni00ODgzLWE5MWItNGExOWRlYjY2MjBlXkEyXkFqcGdeQXVyNjQ2MjQ5NzM@._V1_SY150_CR2,0,101,150_.jpg"
Monty Python's Life of Brian,['Comedy'],https://www.imdb.com/title/tt0079470/,"https://m.media-amazon.com/images/M/MV5BMzAwNjU1OTktYjY3Mi00NDY5LWFlZWUtZjhjNGE0OTkwZDkwXkEyXkFqcGdeQXVyMTQxNzMzNDI@._V1_SX101_CR0,0,101,150_.jpg"
Spotlight,"['Biography', 'Crime', 'Drama']",https://www.imdb.com/title/tt1895587/,"https://m.media-amazon.com/images/M/MV5BMjIyOTM5OTIzNV5BMl5BanBnXkFtZTgwMDkzODE2NjE@._V1_SY150_CR0,0,101,150_.jpg"
Hotel Rwanda,"['Biography', 'Drama', 'History', 'War']",https://www.imdb.com/title/tt0395169/,"https://m.media-amazon.com/images/M/MV5BZGJjYmIzZmQtNWE4Yy00ZGVmLWJkZGEtMzUzNmQ4ZWFlMjRhXkEyXkFqcGdeQXVyMTMxODk2OTU@._V1_SY150_CR0,0,101,150_.jpg"
Drishyam 2,"['Crime', 'Drama', 'Thriller']",https://www.imdb.com/title/tt12361178/,"https://m.media-amazon.com/images/M/MV5BM2RiZDVjYWEtZGNhYy00ZGU0LTgwZjMtZTJmNmMyNGQ5NGYyXkEyXkFqcGdeQXVyNjY1MTg4Mzc@._V1_SX101_CR0,0,101,150_.jpg"
Into the Wild,"['Adventure', 'Biography', 'Drama']",https://www.imdb.com/title/tt0758758/,"https://m.media-amazon.com/images/M/MV5BMTAwNDEyODU1MjheQTJeQWpwZ15BbWU2MDc3NDQwNw@@._V1_SY150_CR0,0,101,150_.jpg"
Rush,"['Action', 'Biography', 'Drama', 'Sport']",https://www.imdb.com/title/tt1979320/,"https://m.media-amazon.com/images/M/MV5BOWEwODJmZDItYTNmZC00OGM4LThlNDktOTQzZjIzMGQxODA4XkEyXkFqcGdeQXVyNjU0OTQ0OTY@._V1_SY150_CR0,0,101,150_.jpg"
Rebecca,"['Drama', 'Mystery', 'Romance', 'Thriller']",https://www.imdb.com/title/tt0032976/,"https://m.media-amazon.com/images/M/MV5BYTcxYWExOTMtMWFmYy00ZjgzLWI0YjktNWEzYzJkZTg0NDdmL2ltYWdlXkEyXkFqcGdeQXVyNjc1NTYyMjg@._V1_SY150_CR1,0,101,150_.jpg"
"Monsters, Inc.","['Animation', 'Adventure', 'Comedy', 'Family', 'Fantasy']",https://www.imdb.com/title/tt0198781/,"https://m.media-amazon.com/images/M/MV5BMTY1NTI0ODUyOF5BMl5BanBnXkFtZTgwNTEyNjQ0MDE@._V1_SY150_CR0,0,101,150_.jpg"
Andrei Rublev,"['Biography', 'Drama', 'History']",https://www.imdb.com/title/tt0060107/,"https://m.media-amazon.com/images/M/MV5BNjM2MjMwNzUzN15BMl5BanBnXkFtZTgwMjEzMzE5MTE@._V1_SY150_CR4,0,101,150_.jpg"
Amores Perros,"['Drama', 'Thriller']",https://www.imdb.com/title/tt0245712/,"https://m.media-amazon.com/images/M/MV5BMjQxMWJhMzMtMzllZi00NzMwLTllYjktNTcwZmU4ZmU3NTA0XkEyXkFqcGdeQXVyMTAzMDM4MjM0._V1_SY150_CR5,0,101,150_.jpg"
Raatchasan,"['Action', 'Crime', 'Thriller']",https://www.imdb.com/title/tt7060344/,"https://m.media-amazon.com/images/M/MV5BMjU2NzIzMjYtMGE2ZS00YzgzLWE5MzgtZTFiYTlmOWNlYmJkXkEyXkFqcGdeQXVyODIwMDI1NjM@._V1_SY150_CR4,0,101,150_.jpg"
Rocky,"['Drama', 'Sport']",https://www.imdb.com/title/tt0075148/,"https://m.media-amazon.com/images/M/MV5BMTY5MDMzODUyOF5BMl5BanBnXkFtZTcwMTQ3NTMyNA@@._V1_SX101_CR0,0,101,150_.jpg"
In the Mood for Love,"['Drama', 'Romance']",https://www.imdb.com/title/tt0118694/,"https://m.media-amazon.com/images/M/MV5BYjZjODRlMjQtMjJlYy00ZDBjLTkyYTQtZGQxZTk5NzJhYmNmXkEyXkFqcGdeQXVyMTQxNzMzNDI@._V1_SY150_CR2,0,101,150_.jpg"
Nausicaä of the Valley of the Wind,"['Animation', 'Adventure', 'Fantasy', 'Sci-Fi']",https://www.imdb.com/title/tt0087544/,"https://m.media-amazon.com/images/M/MV5BZTI3NmJmYTQtNDg4NS00M2VlLTgzZDAtZWIwZDcyOWY5YzIzXkEyXkFqcGdeQXVyMTMxODk2OTU@._V1_SX101_CR0,0,101,150_.jpg"
It Happened One Night,"['Comedy', 'Romance']",https://www.imdb.com/title/tt0025316/,"https://m.media-amazon.com/images/M/MV5BYzJmMWE5NjAtNWMyZS00NmFiLWIwMDgtZDE2NzczYWFhNzIzXkEyXkFqcGdeQXVyNjc1NTYyMjg@._V1_SX101_CR0,0,101,150_.jpg"
Gangs of Wasseypur,"['Action', 'Comedy', 'Crime', 'Drama', 'Thriller']",https://www.imdb.com/title/tt1954470/,"https://m.media-amazon.com/images/M/MV5BMTc5NjY4MjUwNF5BMl5BanBnXkFtZTgwODM3NzM5MzE@._V1_SY150_CR0,0,101,150_.jpg"
A Silent Voice: The Movie,"['Animation', 'Drama', 'Romance']",https://www.imdb.com/title/tt5323662/,"https://m.media-amazon.com/images/M/MV5BZGRkOGMxYTUtZTBhYS00NzI3LWEzMDQtOWRhMmNjNjJjMzM4XkEyXkFqcGdeQXVyMTMxODk2OTU@._V1_SY150_CR1,0,101,150_.jpg"
The Battle of Algiers,"['Drama', 'War']",https://www.imdb.com/title/tt0058946/,"https://m.media-amazon.com/images/M/MV5BZWEzMGY4OTQtYTdmMy00M2QwLTliYTQtYWUzYzc3OTA5YzIwXkEyXkFqcGdeQXVyNjc1NTYyMjg@._V1_SY150_CR3,0,101,150_.jpg"
Rififi,"['Crime', 'Drama', 'Thriller']",https://www.imdb.com/title/tt0048021/,"https://m.media-amazon.com/images/M/MV5BNjZmZGRiMDgtNDkwNi00OTZhLWFhZmMtYTdkYjgyNThhOWY3XkEyXkFqcGdeQXVyMTA1NTM1NDI2._V1_SX101_CR0,0,101,150_.jpg"
Before Sunset,"['Drama', 'Romance']",https://www.imdb.com/title/tt0381681/,"https://m.media-amazon.com/images/M/MV5BMTQ1MjAwNTM5Ml5BMl5BanBnXkFtZTYwNDM0MTc3._V1_SY150_CR0,0,101,150_.jpg"
Soul,"['Animation', 'Adventure', 'Comedy', 'Family', 'Fantasy', 'Music']",https://www.imdb.com/title/tt2948372/,"https://m.media-amazon.com/images/M/MV5BZGE1MDg5M2MtNTkyZS00MTY5LTg1YzUtZTlhZmM1Y2EwNmFmXkEyXkFqcGdeQXVyNjA3OTI0MDc@._V1_SY150_CR0,0,101,150_.jpg"
Fanny and Alexander,['Drama'],https://www.imdb.com/title/tt0083922/,"https://m.media-amazon.com/images/M/MV5BZmQzMDE5ZWQtOTU3ZS00ZjdhLWI0OTctZDNkODk4YThmOTRhL2ltYWdlXkEyXkFqcGdeQXVyNjc1NTYyMjg@._V1_SX101_CR0,0,101,150_.jpg"
Three Colors: Red,"['Drama', 'Mystery', 'Romance']",https://www.imdb.com/title/tt0111495/,"https://m.media-amazon.com/images/M/MV5BYTg1MmNiMjItMmY4Yy00ZDQ3LThjMzYtZGQ0ZTQzNTdkMGQ1L2ltYWdlL2ltYWdlXkEyXkFqcGdeQXVyMTQxNzMzNDI@._V1_SX101_CR0,0,101,150_.jpg"
The Princess Bride,"['Adventure', 'Family', 'Fantasy', 'Romance']",https://www.imdb.com/title/tt0093779/,"https://m.media-amazon.com/images/M/MV5BMGM4M2Q5N2MtNThkZS00NTc1LTk1NTItNWEyZjJjNDRmNDk5XkEyXkFqcGdeQXVyMjA0MDQ0Mjc@._V1_SY150_CR0,0,101,150_.jpg"
Sunrise,"['Drama', 'Romance']",https://www.imdb.com/title/tt0018455/,"https://m.media-amazon.com/images/M/MV5BNDVkYmYwM2ItNzRiMy00NWQ4LTlhMjMtNDI1ZDYyOGVmMzJjXkEyXkFqcGdeQXVyNTgzMzU5MDI@._V1_SX101_CR0,0,101,150_.jpg"
Neon Genesis Evangelion: The End of Evangelion,"['Animation', 'Action', 'Drama', 'Fantasy', 'Sci-Fi']",https://www.imdb.com/title/tt0169858/,"https://m.media-amazon.com/images/M/MV5BZjJhMThkNTQtNjkxNy00MDdjLTg4MWQtMTI2MmQ3MDVmODUzXkEyXkFqcGdeQXVyMTAwOTA3NzY3._V1_SY150_CR2,0,101,150_.jpg"
Drishyam,"['Crime', 'Drama', 'Thriller']",https://www.imdb.com/title/tt3417422/,"https://m.media-amazon.com/images/M/MV5BYmY3MzYwMGUtOWMxYS00OGVhLWFjNmUtYzlkNGVmY2ZkMjA3XkEyXkFqcGdeQXVyMTExNDQ2MTI@._V1_SY150_CR6,0,101,150_.jpg"
"Paris, Texas",['Drama'],https://www.imdb.com/title/tt0087884/,"https://m.media-amazon.com/images/M/MV5BM2RjMmU3ZWItYzBlMy00ZmJkLWE5YzgtNTVkODdhOWM3NGZhXkEyXkFqcGdeQXVyNDA5Mjg5MjA@._V1_SX101_CR0,0,101,150_.jpg"
